Media Type,File Name,Description,Media Link,Thumbnail Link,scheduled_time,response
video,3.mp4,"Emma Stone Prepares 4-Year-Old Daughter for Her Bald Look in ‚ÄòBUGONIA‚Äôüé¨üíá‚Äç‚ôÄ

Tags:
#EmmaStone #BUGONIA #HollywoodNews #CelebrityMom #PopCulture #ActressLife #MovieBuzz #ParentingMoments #StarUpdates",https://qzr2lxszpdbrcqpb.public.blob.vercel-storage.com/uploads/a09b5e03-1903-4b21-ab07-b1297f22c291/1761391697172-3.mp4,,2025-10-26 00:00:00,"{'error': {'message': '(#100) Invalid image format. It should be an image file data.', 'type': 'OAuthException', 'code': 100, 'fbtrace_id': 'AIPyptVAyB0_LQi-vbzogk1'}}"
video,kcc1.mp4,"Keith Urban Responds to Lyric Speculation Amid Divorce üé§üíî

Tags:
#KeithUrban #NicoleKidman #CelebrityDivorce #MusicNews #PopCulture #HollywoodBuzz #SongLyrics #StarUpdates #CountryMusic",https://qzr2lxszpdbrcqpb.public.blob.vercel-storage.com/uploads/a09b5e03-1903-4b21-ab07-b1297f22c291/1761391660585-kcc1.mp4,https://qzr2lxszpdbrcqpb.public.blob.vercel-storage.com/thumbnails/a09b5e03-1903-4b21-ab07-b1297f22c291/1761391658164-POP_1.jpg,2025-10-26 02:00:00,"{'error': {'message': '(#100) Invalid image format. It should be an image file data.', 'type': 'OAuthException', 'code': 100, 'fbtrace_id': 'ABDPpl4rUr2SnuJx1s_wGQB'}}"
image,POP 4.jpg,"Emma Stone Prepares 4-Year-Old Daughter for Her Bald Look in ‚ÄòBUGONIA‚Äôüé¨üíá‚Äç‚ôÄ

Tags:
#EmmaStone #BUGONIA #HollywoodNews #CelebrityMom #PopCulture #ActressLife #MovieBuzz #ParentingMoments #StarUpdates",https://qzr2lxszpdbrcqpb.public.blob.vercel-storage.com/uploads/f884734b-02ae-4891-adbf-e6e1ed4f1bfb/1761391690988-POP_4.jpg,,2025-10-26 00:30:00,{'id': '228482657011871_122263486616193105'}
image,POP 5.jpg,"Kim Kardashian appears to blame brain aneurysm on stress. Here's what doctors say üß†üí•

Tags:
#KimKardashian #BrainAneurysm #HealthNews #CelebrityHealth #PopCulture #HollywoodBuzz #MedicalInsight #WellnessNews #StarUpdates",https://qzr2lxszpdbrcqpb.public.blob.vercel-storage.com/uploads/f884734b-02ae-4891-adbf-e6e1ed4f1bfb/1761391671628-POP_5.jpg,,2025-10-26 01:00:00,{'id': '228482657011871_122263486646193105'}
